PCLASS,AVERAGE_FARE
3,13.6755501018
1,84.1546875000
2,20.6621831522
