SEX,AVERAGE_AGE
male,30.72664459
female,27.91570881
