PCLASS,AVG(AGE)
3,25.14061972
1,38.23344086
2,29.87763006
